story_name,match_type,imdb_tconst,imdb_titleType,imdb_primaryTitle,imdb_startYear,imdb_endYear,imdb_runtimeMinutes,imdb_genres
My Little Pony: Friendship Is Magic,exact,tt1751105,tvSeries,My Little Pony: Friendship Is Magic,2010.0,2019.0,22.0,"Adventure,Animation,Comedy"
NCIS,exact,tt0364845,tvSeries,NCIS,2003.0,,60.0,"Action,Crime,Drama"
Wynonna Earp,exact,tt4878326,tvSeries,Wynonna Earp,2016.0,2021.0,43.0,"Action,Drama,Fantasy"
The Walking Dead,exact,tt0028478,movie,The Walking Dead,1936.0,,66.0,"Crime,Drama,Horror"
White Collar,exact,tt1358522,tvSeries,White Collar,2009.0,2014.0,40.0,"Comedy,Crime,Drama"
Breaking Bad,exact,tt0903747,tvSeries,Breaking Bad,2008.0,2013.0,48.0,"Crime,Drama,Thriller"
The Breakfast Club,exact,tt1487708,tvSeries,The Breakfast Club,1983.0,1985.0,60.0,Talk-Show
The Wizard of Oz,exact,tt0016544,movie,The Wizard of Oz,1925.0,,95.0,"Adventure,Comedy,Family"
This Is Us,exact,tt5555260,tvSeries,This Is Us,2016.0,2022.0,45.0,"Comedy,Drama,Romance"
Jane the Virgin,exact,tt3566726,tvSeries,Jane the Virgin,2014.0,2019.0,60.0,"Comedy,Drama"
John Wick,exact,tt2911666,movie,John Wick,2014.0,,101.0,"Action,Crime,Thriller"
Jurassic Park,exact,tt0107290,movie,Jurassic Park,1993.0,,127.0,"Action,Adventure,Sci-Fi"
The Bourne Identity,exact,tt0094791,tvMiniSeries,The Bourne Identity,1988.0,1988.0,93.0,"Action,Adventure,Drama"
Toy Story,exact,tt0847116,short,Toy Story,1992.0,,9.0,"Animation,Short"
The West Wing,exact,tt0200276,tvSeries,The West Wing,1999.0,2006.0,42.0,Drama
WandaVision,exact,tt9140560,tvMiniSeries,WandaVision,2021.0,2021.0,40.0,"Action,Comedy,Drama"
Hannibal,exact,tt0053891,movie,Hannibal,1959.0,,103.0,"Action,Adventure,Biography"
The Expanse,exact,tt3230854,tvSeries,The Expanse,2015.0,2022.0,60.0,"Drama,Mystery,Sci-Fi"
Black Swan,exact,tt0271400,movie,Black Swan,2002.0,,90.0,"Comedy,Drama"
Jane Eyre,exact,tt0290677,movie,Jane Eyre,1910.0,,62.0,Drama
Band of Brothers,exact,tt0185906,tvMiniSeries,Band of Brothers,2001.0,2001.0,60.0,"Action,Drama,History"
Friday Night Lights,exact,tt0390022,movie,Friday Night Lights,2004.0,,118.0,"Action,Drama,Sport"
Singin' in the Rain,exact,tt0045152,movie,Singin' in the Rain,1952.0,,103.0,"Comedy,Musical,Romance"
Schitt's Creek,exact,tt3526078,tvSeries,Schitt's Creek,2015.0,2020.0,22.0,Comedy
Peaky Blinders,exact,tt2442560,tvSeries,Peaky Blinders,2013.0,2022.0,60.0,"Crime,Drama"
The Land Before Time,exact,tt0095489,movie,The Land Before Time,1988.0,,69.0,"Adventure,Animation,Drama"
Little Women,exact,tt0219883,movie,Little Women,1917.0,,,"Drama,Family,Romance"
Star Wars: The Last Jedi,exact,tt3486354,short,Star Wars: The Last Jedi,2008.0,,3.0,"Action,Fantasy,Sci-Fi"
Fifty Shades of Grey,exact,tt2322441,movie,Fifty Shades of Grey,2015.0,,125.0,"Drama,Romance,Thriller"
Money Heist,exact,tt6468322,tvSeries,Money Heist,2017.0,2021.0,60.0,"Action,Crime,Drama"
High School Musical,exact,tt0475293,tvMovie,High School Musical,2006.0,,98.0,"Comedy,Drama,Family"
Riverdale,exact,tt0125643,tvSeries,Riverdale,1997.0,2000.0,,"Drama,Mystery"
Boston Legal,exact,tt0402711,tvSeries,Boston Legal,2004.0,2008.0,44.0,"Comedy,Crime,Drama"
Ratatouille,exact,tt39313213,short,Ratatouille,1985.0,,4.0,Short
Lucifer,exact,tt0138586,movie,Lucifer,1921.0,,,
Wheel of Time,exact,tt0331080,movie,Wheel of Time,2003.0,,80.0,Documentary
Scandal,exact,tt0006008,movie,Scandal,1915.0,,50.0,Drama
Brokeback Mountain,exact,tt0388795,movie,Brokeback Mountain,2005.0,,134.0,"Drama,Romance"
The Departed,exact,tt0174126,short,The Departed,1973.0,,17.0,"Documentary,Short"
Rick and Morty,exact,tt2861424,tvSeries,Rick and Morty,2013.0,,23.0,"Adventure,Animation,Comedy"
Rogue One,exact,tt22176242,movie,Rogue One,2017.0,,,"Action,Adventure,Comedy"
Robin Hood,exact,tt1939738,short,Robin Hood,1908.0,,,"Drama,Short"
Romeo and Juliet,exact,tt0123243,short,Romeo and Juliet,1900.0,,,Short
Jurassic World,exact,tt0369610,movie,Jurassic World,2015.0,,124.0,"Action,Adventure,Sci-Fi"
Fahrenheit 451,exact,tt0060390,movie,Fahrenheit 451,1966.0,,112.0,"Drama,Sci-Fi"
Neon Genesis Evangelion,exact,tt0112159,tvSeries,Neon Genesis Evangelion,1995.0,1996.0,24.0,"Action,Animation,Drama"
Dexter,exact,tt0286587,short,Dexter,2002.0,,,"Adventure,Drama,Short"
The Good Place,exact,tt4955642,tvSeries,The Good Place,2016.0,2020.0,22.0,"Comedy,Drama,Fantasy"
Beowulf,exact,tt0120604,movie,Beowulf,1999.0,,95.0,"Action,Adventure,Fantasy"
Jaws,exact,tt0073195,movie,Jaws,1975.0,,124.0,"Adventure,Horror,Thriller"
La La Land,exact,tt0903629,short,La La Land,2006.0,,34.0,"Comedy,Short"
LOST,exact,tt1081003,short,Lost,1910.0,,,"Drama,Short"
Elementary,exact,tt2191671,tvSeries,Elementary,2012.0,2019.0,60.0,"Action,Adventure,Crime"
Gone Girl,exact,tt2267998,movie,Gone Girl,2014.0,,149.0,"Drama,Mystery,Thriller"
The Great Gatsby,exact,tt0016938,movie,The Great Gatsby,1926.0,,80.0,Drama
The 100,exact,tt2132479,short,The 100,2011.0,,14.0,"Documentary,Drama,Short"
Two and a Half Men,exact,tt7226698,movie,Two and A Half Men,1991.0,,90.0,"Comedy,Family"
Twilight,exact,tt0002545,short,Twilight,1912.0,,,"Drama,Romance,Short"
Grey's Anatomy,exact,tt0413573,tvSeries,Grey's Anatomy,2005.0,,45.0,"Drama,Romance"
Get Out,exact,tt0398474,tvSeries,Get Out,2003.0,2012.0,22.0,Documentary
Baywatch,exact,tt0096542,tvSeries,Baywatch,1989.0,2001.0,60.0,"Action,Adventure,Crime"
Willy Wonka & the Chocolate Factory,exact,tt0067992,movie,Willy Wonka & the Chocolate Factory,1971.0,,100.0,"Adventure,Comedy,Family"
Buffy the Vampire Slayer,exact,tt0103893,movie,Buffy the Vampire Slayer,1992.0,,86.0,"Action,Comedy,Fantasy"
Dark,exact,tt0406692,movie,Dark,1998.0,,100.0,"Fantasy,Horror,Thriller"
Mindhunter,exact,tt1332560,tvMovie,Mindhunter,2008.0,,,Documentary
Outlander,exact,tt0462465,movie,Outlander,2008.0,,115.0,"Action,Adventure,Sci-Fi"
Criminal Minds,exact,tt0317268,movie,Criminal Minds,1998.0,,88.0,"Action,Crime"
Ocean's 11,exact,tt6252246,short,Ocean's 11,2017.0,,,"Comedy,Crime,Short"
American Sniper,exact,tt2179136,movie,American Sniper,2014.0,,133.0,"Action,Biography,Drama"
The Odyssey,exact,tt0821800,tvMovie,The Odyssey,1987.0,,55.0,"Action,Adventure,Animation"
Outer Banks,exact,tt1860297,short,Outer Banks,2012.0,,15.0,"Biography,Documentary,Drama"
The OA,exact,tt4635282,tvSeries,The OA,2016.0,2019.0,60.0,"Drama,Fantasy,Mystery"
Promising Young Woman,exact,tt9620292,movie,Promising Young Woman,2020.0,,113.0,"Crime,Drama,Mystery"
Dr. Horrible's Sing-Along Blog,exact,tt1227926,tvMiniSeries,Dr. Horrible's Sing-Along Blog,2008.0,2008.0,42.0,"Comedy,Musical,Sci-Fi"
SpongeBob SquarePants,exact,tt40753672,short,SpongeBob SquarePants,1997.0,,9.0,"Comedy,Short"
Crazy Ex-Girlfriend,exact,tt4094300,tvSeries,Crazy Ex-Girlfriend,2015.0,2019.0,42.0,"Comedy,Musical"
American History X,exact,tt0120586,movie,American History X,1998.0,,119.0,"Crime,Drama"
Moulin Rouge!,exact,tt0203009,movie,Moulin Rouge!,2001.0,,127.0,"Drama,Musical,Romance"
Squid Game,exact,tt10919420,tvSeries,Squid Game,2021.0,2025.0,60.0,"Action,Crime,Drama"
Roman Holiday,exact,tt0046250,movie,Roman Holiday,1953.0,,118.0,"Comedy,Drama,Romance"
Emily in Paris,exact,tt8962124,tvSeries,Emily in Paris,2020.0,,30.0,"Comedy,Drama,Romance"
A Tale of Two Cities,exact,tt0306116,short,A Tale of Two Cities,1907.0,,,"Drama,Short"
Ex Machina,exact,tt1377464,short,Ex Machina,2006.0,,,Short
The Silence of the Lambs,exact,tt0102926,movie,The Silence of the Lambs,1991.0,,118.0,"Crime,Drama,Horror"
Beauty and the Beast,exact,tt0000225,short,Beauty and the Beast,1899.0,,,"Family,Fantasy,Romance"
The Godfather,exact,tt0364378,short,The Godfather,1911.0,,,"Drama,Short"
Raiders of the Lost Ark,exact,tt0082971,movie,Raiders of the Lost Ark,1981.0,,115.0,"Action,Adventure"
Ferris Bueller's Day Off,exact,tt0091042,movie,Ferris Bueller's Day Off,1986.0,,103.0,Comedy
Shadow and Bone,exact,tt2403776,tvSeries,Shadow and Bone,2021.0,2023.0,60.0,"Action,Adventure,Drama"
The Handmaid's Tale,exact,tt0099731,movie,The Handmaid's Tale,1990.0,,108.0,"Drama,Romance,Sci-Fi"
Crazy Rich Asians,exact,tt3104988,movie,Crazy Rich Asians,2018.0,,120.0,"Comedy,Drama,Romance"
Agents of S.H.I.E.L.D.,exact,tt2364582,tvSeries,Agents of S.H.I.E.L.D.,2013.0,2020.0,45.0,"Action,Adventure,Sci-Fi"
The Hangover,exact,tt0156591,short,The Hangover,1931.0,,9.0,Short
Locke & Key,exact,tt1193126,tvMovie,Locke & Key,2011.0,,48.0,"Adventure,Drama,Horror"
Elizabethtown,exact,tt0368709,movie,Elizabethtown,2005.0,,123.0,"Comedy,Drama,Romance"
Stranger Things,exact,tt1460534,tvSeries,Stranger Things,2008.0,2009.0,30.0,Sci-Fi
The Hunger Games,exact,tt1392170,movie,The Hunger Games,2012.0,,142.0,"Action,Adventure,Sci-Fi"
Parks and Recreation,exact,tt1266020,tvSeries,Parks and Recreation,2009.0,2015.0,22.0,Comedy
The Scarlet Letter,exact,tt0234671,short,The Scarlet Letter,1908.0,,,"Drama,Short"
Pride and Prejudice,exact,tt0414386,tvMovie,Pride and Prejudice,1938.0,,55.0,"Drama,Romance"
Broad City,exact,tt1948541,tvSeries,Broad City,2010.0,2011.0,,"Comedy,Short"
Star Trek: Deep Space Nine,exact,tt0106145,tvSeries,Star Trek: Deep Space Nine,1993.0,1999.0,45.0,"Action,Adventure,Drama"
Tangled,exact,tt0329655,short,Tangled,1912.0,,,"Comedy,Family,Short"
Steins;Gate,exact,tt1910272,tvSeries,Steins;Gate,2011.0,2015.0,24.0,"Animation,Comedy,Drama"
The Fault in Our Stars,exact,tt2582846,movie,The Fault in Our Stars,2014.0,,126.0,"Drama,Romance"
The Mentalist,exact,tt0421070,tvMovie,The Mentalist,2004.0,,,Reality-TV
Prison Break,exact,tt0030625,movie,Prison Break,1938.0,,72.0,"Crime,Drama,Thriller"
Snow White and the Seven Dwarfs,exact,tt0029583,movie,Snow White and the Seven Dwarfs,1937.0,,83.0,"Adventure,Animation,Family"
Penny Arcade,exact,tt1380177,short,Penny Arcade,1942.0,,3.0,"Music,Short"
Pulp Fiction,exact,tt0110912,movie,Pulp Fiction,1994.0,,154.0,"Crime,Drama"
Jennifer's Body,exact,tt1131734,movie,Jennifer's Body,2009.0,,102.0,"Comedy,Horror"
Hustlers,exact,tt1604115,movie,Hustlers,2010.0,,95.0,"Comedy,Drama"
Catch Me If You Can,exact,tt0310854,movie,Catch Me If You Can,1959.0,,,Drama
Pokémon,exact,tt0168366,tvSeries,Pokémon,1997.0,2023.0,24.0,"Action,Adventure,Animation"
Hamlet,exact,tt0001242,short,Hamlet,1908.0,,,"Drama,Short"
Gossip Girl,exact,tt0397442,tvSeries,Gossip Girl,2007.0,2012.0,42.0,"Drama,Romance"
ER,exact,tt0303969,tvMovie,Er,1984.0,,41.0,
The Social Network,exact,tt1285016,movie,The Social Network,2010.0,,120.0,"Biography,Drama"
Zombieland,exact,tt9352962,short,Zombieland,2004.0,,,"Horror,Short"
The Perks of Being a Wallflower,exact,tt1659337,movie,The Perks of Being a Wallflower,2012.0,,103.0,Drama
Community,exact,tt1943676,short,Community,1947.0,,,"Documentary,Short"
House of Gucci,exact,tt11214590,movie,House of Gucci,2021.0,,158.0,"Biography,Crime,Drama"
CSI: Crime Scene Investigation,exact,tt0247082,tvSeries,CSI: Crime Scene Investigation,2000.0,2015.0,60.0,"Crime,Drama,Mystery"
Girls,exact,tt1354007,short,Girls,1910.0,,,"Comedy,Short"
The Shape of Water,exact,tt0887779,movie,The Shape of Water,2006.0,,70.0,Documentary
Ender's Game,exact,tt1731141,movie,Ender's Game,2013.0,,114.0,"Action,Adventure,Sci-Fi"
Psycho,exact,tt0054215,movie,Psycho,1960.0,,109.0,"Drama,Horror,Mystery"
Silver Linings Playbook,exact,tt1045658,movie,Silver Linings Playbook,2012.0,,122.0,"Comedy,Drama,Romance"
Bob's Burgers,exact,tt1561755,tvSeries,Bob's Burgers,2011.0,,22.0,"Animation,Comedy"
Ozark,exact,tt5071412,tvSeries,Ozark,2017.0,2022.0,60.0,"Crime,Drama,Thriller"
The Man in the High Castle,exact,tt1740299,tvSeries,The Man in the High Castle,2015.0,2019.0,60.0,"Drama,Sci-Fi,Thriller"
The Last of the Mohicans,exact,tt0208257,short,The Last of the Mohicans,1911.0,,,"Drama,Short,Western"
Damages,exact,tt0497897,tvMovie,Damages,2006.0,,68.0,Drama
The Simpsons,exact,tt0096697,tvSeries,The Simpsons,1989.0,,22.0,"Animation,Comedy"
Entourage,exact,tt3488418,movie,Entourage,1977.0,,92.0,"Action,Drama,Thriller"
Booksmart,exact,tt1489887,movie,Booksmart,2019.0,,102.0,Comedy
The Boondock Saints,exact,tt0144117,movie,The Boondock Saints,1999.0,,108.0,"Action,Crime,Thriller"
Euphoria,exact,tt14625022,short,Euphoria,1974.0,,3.0,"Animation,Short"
The Da Vinci Code,exact,tt0382625,movie,The Da Vinci Code,2006.0,,149.0,"Mystery,Thriller"
Sleepless in Seattle,exact,tt0108160,movie,Sleepless in Seattle,1993.0,,105.0,"Comedy,Drama,Romance"
Shameless,exact,tt0063560,movie,Shameless,1968.0,,74.0,"Crime,Drama"
Tropic Thunder,exact,tt0942385,movie,Tropic Thunder,2008.0,,107.0,"Action,Comedy,War"
Blue Bloods,exact,tt1595859,tvSeries,Blue Bloods,2010.0,2024.0,43.0,"Crime,Drama,Mystery"
When Harry Met Sally...,exact,tt0098635,movie,When Harry Met Sally...,1989.0,,95.0,"Comedy,Drama,Romance"
Mean Girls,exact,tt0377092,movie,Mean Girls,2004.0,,97.0,Comedy
Modern Family,exact,tt1442437,tvSeries,Modern Family,2009.0,2020.0,22.0,"Comedy,Drama,Romance"
Bloodline,exact,tt0327914,movie,Bloodline,1963.0,,83.0,Drama
Mad Men,exact,tt0804503,tvSeries,Mad Men,2007.0,2015.0,45.0,Drama
Supergirl,exact,tt37748863,tvMiniSeries,Supergirl,1972.0,1972.0,20.0,Comedy
Fleabag,exact,tt5687612,tvSeries,Fleabag,2016.0,2019.0,30.0,"Comedy,Drama"
Glee,exact,tt0466220,short,Glee,2003.0,,4.0,"Comedy,Short"
"Monsters, Inc.",exact,tt0198781,movie,"Monsters, Inc.",2001.0,,92.0,"Adventure,Animation,Comedy"
Star Trek: The Next Generation,exact,tt0092455,tvSeries,Star Trek: The Next Generation,1987.0,1994.0,45.0,"Action,Adventure,Drama"
Maleficent,exact,tt1587310,movie,Maleficent,2014.0,,97.0,"Adventure,Drama,Family"
One Flew Over the Cuckoo's Nest,exact,tt0073486,movie,One Flew Over the Cuckoo's Nest,1975.0,,133.0,Drama
Cowboy Bebop,exact,tt0213338,tvSeries,Cowboy Bebop,1998.0,1999.0,24.0,"Action,Adventure,Animation"
Back to the Future,exact,tt0088763,movie,Back to the Future,1985.0,,116.0,"Adventure,Comedy,Sci-Fi"
Scrubs,exact,tt0285403,tvSeries,Scrubs,2001.0,2010.0,30.0,"Comedy,Drama"
Mr. Robot,exact,tt4158110,tvSeries,Mr. Robot,2015.0,2019.0,45.0,"Crime,Drama,Thriller"
Green Book,exact,tt6966692,movie,Green Book,2018.0,,130.0,"Biography,Comedy,Drama"
Groundhog Day,exact,tt0107048,movie,Groundhog Day,1993.0,,101.0,"Comedy,Drama,Fantasy"
The Umbrella Academy,exact,tt1312171,tvSeries,The Umbrella Academy,2019.0,2024.0,60.0,"Action,Adventure,Comedy"
Parasite,exact,tt0084472,movie,Parasite,1982.0,,85.0,"Horror,Sci-Fi"
Sense and Sensibility,exact,tt0254768,tvSeries,Sense and Sensibility,1971.0,1971.0,178.0,"Drama,Romance"
Frozen,exact,tt0125279,movie,Frozen,1996.0,,99.0,Drama
Succession,exact,tt0254490,movie,Succession,1992.0,,119.0,Drama
Brooklyn Nine-Nine,exact,tt2467372,tvSeries,Brooklyn Nine-Nine,2013.0,2021.0,22.0,"Comedy,Crime"
The Big Sick,exact,tt5462602,movie,The Big Sick,2017.0,,120.0,"Comedy,Drama,Romance"
Smallville,exact,tt0279600,tvSeries,Smallville,2001.0,2011.0,60.0,"Action,Adventure,Drama"
Se7en,exact,tt5883564,short,Se7en,2016.0,,8.0,"Comedy,Horror,Short"
Good Will Hunting,exact,tt0119217,movie,Good Will Hunting,1997.0,,126.0,"Drama,Romance"
Transformers,exact,tt0834963,short,Transformers,2006.0,,38.0,"Comedy,Short"
Amélie,exact,tt0211915,movie,Amélie,2001.0,,122.0,"Comedy,Romance"
Gone With the Wind,exact,tt0031381,movie,Gone with the Wind,1939.0,,238.0,"Drama,Romance,War"
Fight Club,exact,tt0137523,movie,Fight Club,1999.0,,139.0,"Crime,Drama,Thriller"
A Series of Unfortunate Events,exact,tt0339291,movie,A Series of Unfortunate Events,2004.0,,108.0,"Adventure,Comedy,Family"
Fast & Furious,exact,tt1013752,movie,Fast & Furious,2009.0,,107.0,"Action,Thriller"
Forrest Gump,exact,tt0109830,movie,Forrest Gump,1994.0,,142.0,"Drama,Romance"
After Life,exact,tt0165078,movie,After Life,1998.0,,119.0,"Drama,Fantasy"
New Girl,exact,tt3002570,short,New Girl,1970.0,,6.0,"Animation,Short"
The Flash,exact,tt0333460,short,The Flash,1915.0,,,"Drama,Short"
A Nightmare on Elm Street,exact,tt0087800,movie,A Nightmare on Elm Street,1984.0,,91.0,Horror
Finding Nemo,exact,tt0266543,movie,Finding Nemo,2003.0,,100.0,"Adventure,Animation,Comedy"
Better Call Saul,exact,tt3032476,tvSeries,Better Call Saul,2015.0,2022.0,45.0,"Crime,Drama"
How I Met Your Mother,exact,tt0460649,tvSeries,How I Met Your Mother,2005.0,2014.0,22.0,"Comedy,Drama,Romance"
It's Always Sunny in Philadelphia,exact,tt0472954,tvSeries,It's Always Sunny in Philadelphia,2005.0,,22.0,Comedy
Nomadland,exact,tt9770150,movie,Nomadland,2020.0,,107.0,Drama
Before Sunrise,exact,tt1291147,movie,Before Sunrise,1933.0,,46.0,Action
The Curious Case of Benjamin Button,exact,tt0421715,movie,The Curious Case of Benjamin Button,2008.0,,166.0,"Drama,Fantasy,Romance"
Degrassi: The Next Generation,exact,tt0288937,tvSeries,Degrassi: The Next Generation,2001.0,2015.0,30.0,"Drama,Romance"
M*A*S*H,exact,tt0066026,movie,M*A*S*H,1970.0,,116.0,"Comedy,Drama,War"
A Star Is Born,exact,tt0029606,movie,A Star Is Born,1937.0,,111.0,"Drama,Romance"
Psych,exact,tt13196498,short,Psych,2003.0,,2.0,"Animation,Horror,Short"
Coco,exact,tt1169208,short,Coco,1911.0,,,"Comedy,Short"
The Incredibles,exact,tt0317705,movie,The Incredibles,2004.0,,115.0,"Action,Adventure,Animation"
Battlestar Galactica,exact,tt0076984,tvSeries,Battlestar Galactica,1978.0,1979.0,60.0,"Action,Adventure,Drama"
Twelfth Night,exact,tt0125564,short,Twelfth Night,1910.0,,12.0,"Comedy,Drama,Romance"
Fullmetal Alchemist: Brotherhood,exact,tt1355642,tvSeries,Fullmetal Alchemist: Brotherhood,2009.0,2010.0,24.0,"Action,Adventure,Animation"
Baby Driver,exact,tt3890160,movie,Baby Driver,2017.0,,113.0,"Action,Crime,Drama"
Once Upon a Time,exact,tt0200924,short,Once Upon a Time,1910.0,,9.0,"Romance,Short"
Cobra Kai,exact,tt7221388,tvSeries,Cobra Kai,2018.0,2025.0,30.0,"Action,Comedy,Drama"
How To Get Away With Murder,exact,tt3205802,tvSeries,How to Get Away with Murder,2014.0,2020.0,45.0,"Crime,Drama,Mystery"
Bones,exact,tt0086990,movie,Bones,1985.0,,97.0,"Crime,Drama"
Star Trek: Voyager,exact,tt0112178,tvSeries,Star Trek: Voyager,1995.0,2001.0,44.0,"Action,Adventure,Drama"
The Spectacular Now,exact,tt1714206,movie,The Spectacular Now,2013.0,,95.0,"Drama,Romance"
Castle,exact,tt0407372,tvMiniSeries,Castle,2003.0,2003.0,50.0,Documentary
Friends,exact,tt1912397,short,Friends,1910.0,,,"Drama,Short"
Gotham,exact,tt0095246,tvMovie,Gotham,1988.0,,98.0,Thriller
Casablanca,exact,tt0034583,movie,Casablanca,1942.0,,102.0,"Drama,Romance,War"
The Witcher,exact,tt5949186,short,The Witcher,2016.0,,22.0,"Biography,Documentary,Drama"
Gilmore Girls,exact,tt0238784,tvSeries,Gilmore Girls,2000.0,2007.0,45.0,"Comedy,Drama"
The X-Files,exact,tt0106179,tvSeries,The X-Files,1993.0,2018.0,45.0,"Adventure,Crime,Drama"
The Sopranos,exact,tt0141842,tvSeries,The Sopranos,1999.0,2007.0,55.0,"Crime,Drama"
Dune,exact,tt0217408,short,Dune,1973.0,,13.0,Short
X-Men,exact,tt0103584,tvSeries,X-Men,1992.0,1997.0,23.0,"Action,Adventure,Animation"
Normal People,exact,tt0277928,movie,Normal People,2001.0,,91.0,Drama
Die Hard,exact,tt2388685,movie,Die Hard,1971.0,,,
The Room,exact,tt2056755,short,The Room,1959.0,,5.0,Short
Bad Boys,exact,tt0377338,short,Bad Boys,1908.0,,,"Comedy,Short"
Veep,exact,tt1759761,tvSeries,Veep,2012.0,2019.0,30.0,Comedy
Mulholland Drive,exact,tt0166924,movie,Mulholland Drive,2001.0,,147.0,"Drama,Mystery,Thriller"
The Big Bang Theory,exact,tt0898266,tvSeries,The Big Bang Theory,2007.0,2019.0,22.0,"Comedy,Romance"
Eternal Sunshine of the Spotless Mind,exact,tt0338013,movie,Eternal Sunshine of the Spotless Mind,2004.0,,108.0,"Drama,Romance,Sci-Fi"
"Crouching Tiger, Hidden Dragon",exact,tt0190332,movie,"Crouching Tiger, Hidden Dragon",2000.0,,120.0,"Action,Adventure,Drama"
The Little Mermaid,exact,tt0218563,short,The Little Mermaid,1968.0,,29.0,"Animation,Family,Fantasy"
The Marvelous Mrs. Maisel,exact,tt5788792,tvSeries,The Marvelous Mrs. Maisel,2017.0,2023.0,60.0,"Comedy,Drama"
Killing Eve,exact,tt7016936,tvSeries,Killing Eve,2018.0,2022.0,42.0,"Action,Adventure,Drama"
The Lego Movie,exact,tt1490017,movie,The Lego Movie,2014.0,,100.0,"Action,Adventure,Animation"
Superstore,exact,tt0439838,short,Superstore,2004.0,,13.0,"Horror,Short,Thriller"
The Shawshank Redemption,exact,tt0111161,movie,The Shawshank Redemption,1994.0,,142.0,Drama
South Park,exact,tt0121955,tvSeries,South Park,1997.0,,22.0,"Animation,Comedy"
Silicon Valley,exact,tt2892336,movie,Silicon Valley,1999.0,,,
Supernatural,exact,tt0024631,movie,Supernatural,1933.0,,65.0,"Drama,Horror,Mystery"
Avatar: The Last Airbender,exact,tt0417299,tvSeries,Avatar: The Last Airbender,2005.0,2008.0,23.0,"Action,Adventure,Animation"
Shrek,exact,tt0126029,movie,Shrek,2001.0,,90.0,"Adventure,Animation,Comedy"
Portrait of a Lady on Fire,exact,tt8613070,movie,Portrait of a Lady on Fire,2019.0,,122.0,"Drama,Romance"
"The Good, the Bad, and the Ugly",exact,tt38267961,tvSeries,"The Good, the Bad, and the Ugly",2025.0,2026.0,,"Comedy,Drama,Family"
Mamma Mia!,exact,tt0795421,movie,Mamma Mia!,2008.0,,108.0,"Comedy,Musical,Romance"
Space Force,exact,tt1495952,tvMovie,Space Force,1978.0,,25.0,"Comedy,Sci-Fi"
Sailor Moon,exact,tt0103369,tvSeries,Sailor Moon,1992.0,1997.0,30.0,"Action,Adventure,Animation"
Sherlock,exact,tt0337593,tvMovie,Sherlock,2002.0,,100.0,"Action,Adventure,Crime"
Sex and the City,exact,tt0159206,tvSeries,Sex and the City,1998.0,2004.0,30.0,"Comedy,Drama,Romance"
Superbad,exact,tt0829482,movie,Superbad,2007.0,,113.0,Comedy
Sons of Anarchy,exact,tt1124373,tvSeries,Sons of Anarchy,2008.0,2014.0,45.0,"Crime,Drama,Thriller"
Pretty Little Liars,exact,tt1578873,tvSeries,Pretty Little Liars,2010.0,2017.0,44.0,"Drama,Mystery,Romance"
Speed,exact,tt0008614,short,Speed,1917.0,,10.0,"Comedy,Short"
Seinfeld,exact,tt0098904,tvSeries,Seinfeld,1989.0,1998.0,22.0,Comedy
Sex Education,exact,tt1418815,movie,Sex Education,1984.0,,,Comedy
Shaun of the Dead,exact,tt0365748,movie,Shaun of the Dead,2004.0,,99.0,"Comedy,Horror"
Death Note,exact,tt0877057,tvSeries,Death Note,2006.0,2007.0,24.0,"Animation,Crime,Drama"
Yellowjackets,exact,tt11041332,tvSeries,Yellowjackets,2021.0,,60.0,"Drama,Horror,Mystery"
The Dark Knight,exact,tt10976086,short,The Dark Knight,1994.0,,,"Comedy,Short"
Desperate Housewives,exact,tt0410975,tvSeries,Desperate Housewives,2004.0,2012.0,45.0,"Comedy,Drama,Mystery"
The Blacklist,exact,tt0006437,movie,The Blacklist,1916.0,,50.0,Drama
Chilling Adventures of Sabrina,exact,tt7569592,tvSeries,Chilling Adventures of Sabrina,2018.0,2020.0,60.0,"Drama,Fantasy,Horror"
Dirty Dancing,exact,tt0092890,movie,Dirty Dancing,1987.0,,100.0,"Drama,Music,Romance"
Unbreakable Kimmy Schmidt,exact,tt3339966,tvSeries,Unbreakable Kimmy Schmidt,2015.0,2019.0,30.0,Comedy
Downton Abbey,exact,tt1606375,tvSeries,Downton Abbey,2010.0,2015.0,60.0,"Drama,Romance"
10 Things I Hate About You,exact,tt0147800,movie,10 Things I Hate About You,1999.0,,97.0,"Comedy,Drama,Romance"
West Side Story,exact,tt0055614,movie,West Side Story,1961.0,,153.0,"Crime,Drama,Musical"
To Kill a Mockingbird,exact,tt35887611,movie,To Kill A Mockingbird,1960.0,,,Drama
Futurama,exact,tt8964678,tvSeries,Futurama,1964.0,1964.0,480.0,Sport
Westworld,exact,tt0070909,movie,Westworld,1973.0,,88.0,"Action,Drama,Sci-Fi"
Don Quixote,exact,tt1705847,short,Don Quixote,1909.0,,,"Drama,Short"
Divergent,exact,tt1840309,movie,Divergent,2014.0,,139.0,"Action,Adventure,Drama"
Mad Max: Fury Road,exact,tt1392190,movie,Mad Max: Fury Road,2015.0,,120.0,"Action,Adventure,Sci-Fi"
Archer,exact,tt0072468,tvSeries,Archer,1975.0,1975.0,60.0,Drama
Hamilton,exact,tt0283381,tvMiniSeries,Hamilton,2001.0,2001.0,190.0,"Action,Thriller"
Nineteen Eighty-Four,exact,tt14473100,tvMovie,Nineteen Eighty-Four,1954.0,,120.0,Sci-Fi
Mulan,exact,tt0120762,movie,Mulan,1998.0,,87.0,"Adventure,Animation,Comedy"
Mrs Dalloway,exact,tt0119723,movie,Mrs Dalloway,1997.0,,97.0,"Drama,Romance"
The Good Wife,exact,tt0093106,movie,The Good Wife,1987.0,,98.0,"Drama,Romance"
Orange is the New Black,exact,tt2372162,tvSeries,Orange Is the New Black,2013.0,2019.0,60.0,"Comedy,Crime,Drama"
The Wire,exact,tt39278867,short,The Wire,1996.0,,3.0,"Animation,Short"
Titanic,exact,tt0155274,movie,Titanic,1915.0,,,History
Les Misérables,exact,tt0000969,short,Les Misérables,1909.0,,44.0,"Drama,History,Short"
The Lion King,exact,tt0110357,movie,The Lion King,1994.0,,88.0,"Adventure,Animation,Drama"
Twin Peaks,exact,tt15258268,movie,Twin Peaks,1977.0,,50.0,
8 Mile,exact,tt0298203,movie,8 Mile,2002.0,,110.0,"Drama,Music"
The Notebook,exact,tt0090632,tvMovie,The Notebook,1985.0,,100.0,"Drama,Mystery,Romance"
The Office,exact,tt0167319,short,The Office,1966.0,,5.0,"Documentary,Drama,Short"
Ted Lasso,exact,tt10986410,tvSeries,Ted Lasso,2020.0,,30.0,"Comedy,Drama,Sport"
The Martian,exact,tt2910906,short,The Martian,2013.0,,10.0,"Comedy,Romance,Sci-Fi"
Lilo & Stitch,exact,tt0275847,movie,Lilo & Stitch,2002.0,,85.0,"Adventure,Animation,Comedy"
The Good Doctor,exact,tt0424884,short,The Good Doctor,1909.0,,,"Comedy,Short"
The Fall,exact,tt0064312,movie,The Fall,1969.0,,116.0,"Documentary,Music"
True Detective,exact,tt2356777,tvSeries,True Detective,2014.0,,60.0,"Crime,Drama,Mystery"
Ctrl+Alt+Del,exact,tt7453410,short,Ctrl+Alt+Del,2003.0,,12.0,"Drama,Fantasy,Short"
The Boys,exact,tt0211990,short,The Boys,1961.0,,,"Adult,Short"
The Crown,exact,tt8617534,short,The Crown,2004.0,,5.0,"Fantasy,Short"
The Americans,exact,tt0054515,tvSeries,The Americans,1961.0,,60.0,"Action,War"
Alien,exact,tt0078748,movie,Alien,1979.0,,117.0,"Horror,Sci-Fi"
The Devil Wears Prada,exact,tt0458352,movie,The Devil Wears Prada,2006.0,,109.0,"Comedy,Drama"
Atomic Blonde,exact,tt2406566,movie,Atomic Blonde,2017.0,,115.0,"Action,Thriller"
The Vampire Diaries,exact,tt1405406,tvSeries,The Vampire Diaries,2009.0,2017.0,43.0,"Drama,Fantasy,Horror"
Arrested Development,exact,tt0376489,short,Arrested Development,2003.0,,6.0,Short
Stargate SG-1,exact,tt0118480,tvSeries,Stargate SG-1,1997.0,2007.0,44.0,"Action,Adventure,Drama"
Annie Hall,exact,tt0075686,movie,Annie Hall,1977.0,,93.0,"Comedy,Romance"
Anna Karenina,exact,tt0210516,short,Anna Karenina,1910.0,,,Short
Vikings,exact,tt0474447,short,Vikings,2001.0,,12.0,Short
The Matrix,exact,tt0133093,movie,The Matrix,1999.0,,136.0,"Action,Sci-Fi"
Aladdin,exact,tt2144584,short,Aladdin,1898.0,,,"Fantasy,Short"
Chicago Fire,exact,tt2261391,tvSeries,Chicago Fire,2012.0,,43.0,"Action,Drama"
Atlas Shrugged,exact,tt23734768,tvSeries,Atlas Shrugged,2024.0,,,"Drama,Sci-Fi"
Attack on Titan,exact,tt2560140,tvSeries,Attack on Titan,2013.0,2023.0,24.0,"Action,Adventure,Animation"
Breakfast at Tiffany's,exact,tt0054698,movie,Breakfast at Tiffany's,1961.0,,115.0,"Comedy,Drama,Romance"
One Punch Man,exact,tt4508902,tvSeries,One Punch Man,2015.0,,24.0,"Action,Animation,Comedy"
Yellowstone,exact,tt0028523,movie,Yellowstone,1936.0,,63.0,"Action,Crime,Drama"
Game of Thrones,exact,tt0944947,tvSeries,Game of Thrones,2011.0,2019.0,60.0,"Action,Adventure,Drama"
You,exact,tt0196222,short,You,1916.0,,,"Short,War"
Independence Day,exact,tt0073165,movie,Independence Day,1976.0,,87.0,Drama
Gladiator,exact,tt0104346,movie,Gladiator,1992.0,,101.0,"Action,Drama,Sport"
30 Rock,exact,tt1860375,tvSeries,30 Rock,1983.0,,,Sport
The Princess Bride,exact,tt0093779,movie,The Princess Bride,1987.0,,98.0,"Adventure,Comedy,Family"
Suits,exact,tt0185711,movie,Suits,1999.0,,88.0,Comedy
Inception,exact,tt1375666,movie,Inception,2010.0,,148.0,"Action,Adventure,Sci-Fi"
Arrow,exact,tt39382655,short,Arrow,1992.0,,3.0,"Action,Adventure,Animation"
Sense8,exact,tt2431438,tvSeries,Sense8,2015.0,2018.0,60.0,"Drama,Mystery,Sci-Fi"
Ruby Sparks,exact,tt1839492,movie,Ruby Sparks,2012.0,,104.0,"Comedy,Drama,Fantasy"
Macbeth,exact,tt2398191,short,Macbeth,1898.0,,,"Drama,Short"
The Cabin in the Woods,exact,tt1259521,movie,The Cabin in the Woods,2011.0,,95.0,"Horror,Mystery,Thriller"
Farscape,exact,tt0187636,tvSeries,Farscape,1999.0,2003.0,50.0,"Action,Adventure,Drama"
Arcane,exact,tt2700728,short,Arcane,2011.0,,,"Sci-Fi,Short"
The Queen's Gambit,exact,tt11323430,short,The Queen's Gambit,2019.0,,8.0,"Drama,Short"
Naruto,exact,tt0409591,tvSeries,Naruto,2002.0,2007.0,24.0,"Action,Adventure,Animation"
Ghostbusters,exact,tt0087332,movie,Ghostbusters,1984.0,,105.0,"Action,Comedy,Fantasy"
Adventures of Huckleberry Finn,fuzzy,tt0031020,movie,The Adventures of Huckleberry Finn,1939.0,,91.0,"Adventure,Drama,Family"
Law & Order: SVU,fuzzy,tt1166893,tvSeries,Law & Order: UK,2009.0,2014.0,46.0,"Action,Adventure,Crime"
That 70's Show,fuzzy,tt0165598,tvSeries,That '70s Show,1998.0,2006.0,22.0,"Comedy,Drama,Romance"
Star Wars: Revenge of the Sith,fuzzy,tt6466398,short,Star Wars: Return of the Sith,2010.0,,,Short
Pirates of the Caribbean,fuzzy,tt1614955,movie,Primates of the Caribbean,2012.0,,80.0,"Animation,Comedy,Family"
Terminator 2: Judgement Day,fuzzy,tt0103064,movie,Terminator 2: Judgment Day,1991.0,,137.0,"Action,Adventure,Sci-Fi"
Star Wars: A New Hope,fuzzy,tt13504020,short,Star Wars: A New Order,2020.0,,15.0,"Animation,Comedy,Sci-Fi"
(500) Days of Summer,fuzzy,tt1022603,movie,500 Days of Summer,2009.0,,95.0,"Comedy,Drama,Romance"
Tommorrow Never Dies,fuzzy,tt0120347,movie,Tomorrow Never Dies,1997.0,,119.0,"Action,Adventure,Thriller"
Lord of the Rings,fuzzy,tt2022455,short,Lord of the Rinks,2006.0,,3.0,"Comedy,Short"
Marvel Cinematic Universe,fuzzy,tt12279790,tvSeries,Takeo Cinematic Universe,2017.0,2020.0,,"Comedy,Music"
